{"train_loss": 2.2608938631467157, "train_acc": 0.16477059632454058, "val_loss": 2.2192949466705323, "val_acc": 0.209, "_timestamp": 1745085793.7091157, "_runtime": 2048.0214977264404, "_step": 1}