{"train_loss": 2.29893727084371, "train_acc": 0.11138892361545193, "val_loss": 2.2877875061035158, "val_acc": 0.1185, "_timestamp": 1745084944.8715653, "_runtime": 1199.1839473247528, "_step": 0}